{"kl_loss": [11.647741317749023, 6.990054130554199, 6.762331962585449, 6.644803524017334, 6.660851001739502, 6.685970783233643, 6.731502532958984, 6.760983943939209, 6.811647891998291, 6.83070707321167, 6.876338958740234, 6.951774597167969, 7.036345481872559, 7.023002624511719, 7.1043572425842285], "recon_loss": [1038.14013671875, 862.8236083984375, 851.8621826171875, 844.2066650390625, 838.0975952148438, 833.8037109375, 830.0972900390625, 827.3765258789062, 824.564697265625, 822.5044555664062, 820.071533203125, 817.5560913085938, 814.8147583007812, 813.4010009765625, 811.5291137695312], "total_loss": [1049.7877197265625, 869.8139038085938, 858.624267578125, 850.8518676757812, 844.7583618164062, 840.4899291992188, 836.8285522460938, 834.1380004882812, 831.3763427734375, 829.3349609375, 826.9475708007812, 824.5081787109375, 821.8512573242188, 820.4241333007812, 818.6331787109375]}