{"kl_loss": [0.004702076781541109, 0.00023972066992428154, 0.0001248018379556015, 8.990476635517552e-05, 6.245898839551955e-05, 5.592246452579275e-05, 4.9685815611155704e-05, 3.867554914904758e-05, 3.721650136867538e-05, 3.433646634221077e-05, 3.315762660349719e-05, 2.4377017325605266e-05, 2.620968189148698e-05, 2.4160473913070746e-05, 6.963403575355187e-05], "recon_loss": [2835.105224609375, 2834.875, 2834.867919921875, 2834.851318359375, 2834.845458984375, 2834.846435546875, 2834.84326171875, 2834.8369140625, 2834.836181640625, 2834.8349609375, 2834.8388671875, 2834.832275390625, 2834.83544921875, 2834.837158203125, 2834.832763671875], "total_loss": [2835.1103515625, 2834.875244140625, 2834.867919921875, 2834.851318359375, 2834.845458984375, 2834.846435546875, 2834.84326171875, 2834.8369140625, 2834.836181640625, 2834.8349609375, 2834.8388671875, 2834.832275390625, 2834.83544921875, 2834.837158203125, 2834.832763671875]}