{"kl_loss": [0.48468753695487976, 2.425689935684204, 3.279597282409668, 3.7107186317443848, 3.971343994140625, 4.114500999450684, 4.262828826904297, 4.368821144104004, 4.4932451248168945, 4.542209625244141, 4.672556400299072, 4.683927059173584, 4.792181968688965, 4.839282989501953, 4.86779260635376], "recon_loss": [2791.946044921875, 2777.802490234375, 2770.340576171875, 2767.5498046875, 2765.811279296875, 2764.61474609375, 2763.547119140625, 2762.769287109375, 2762.0859375, 2761.44580078125, 2760.845703125, 2760.544677734375, 2760.0107421875, 2759.499755859375, 2759.177490234375], "total_loss": [2792.431396484375, 2780.2265625, 2773.619140625, 2771.260009765625, 2769.78125, 2768.7294921875, 2767.81005859375, 2767.139892578125, 2766.578857421875, 2765.986083984375, 2765.519287109375, 2765.227783203125, 2764.805419921875, 2764.341552734375, 2764.045654296875]}