{"kl_loss": [7.719414710998535, 6.155378818511963, 6.035071849822998, 6.100467205047607, 6.144379615783691, 6.158456325531006, 6.213825702667236, 6.3327178955078125, 6.358189582824707, 6.4305100440979, 6.508344650268555, 6.497638702392578, 6.51555871963501, 6.561041355133057, 6.614500522613525], "recon_loss": [1781.4097900390625, 1616.20556640625, 1604.4605712890625, 1599.747802734375, 1596.1834716796875, 1592.0758056640625, 1588.64453125, 1586.558837890625, 1584.6256103515625, 1582.2958984375, 1579.40869140625, 1577.7381591796875, 1576.4656982421875, 1574.9400634765625, 1573.6285400390625], "total_loss": [1789.1300048828125, 1622.3609619140625, 1610.4954833984375, 1605.847900390625, 1602.3292236328125, 1598.234375, 1594.8587646484375, 1592.89111328125, 1590.984375, 1588.72705078125, 1585.9169921875, 1584.2352294921875, 1582.981689453125, 1581.500244140625, 1580.241943359375]}