{"kl_loss": [6.09296989440918, 5.71506929397583, 5.9060564041137695, 6.0382466316223145, 6.193021774291992, 6.237118721008301, 6.316651344299316, 6.346589088439941, 6.52664041519165, 6.561367988586426, 6.605064868927002, 6.680323123931885, 6.664216041564941, 6.667755603790283, 6.761033058166504], "recon_loss": [2332.193603515625, 2224.577392578125, 2212.750244140625, 2207.162841796875, 2203.357177734375, 2199.8876953125, 2197.15478515625, 2195.3076171875, 2192.818359375, 2190.842529296875, 2188.566650390625, 2186.353515625, 2185.724365234375, 2184.62890625, 2182.77197265625], "total_loss": [2338.286865234375, 2230.29345703125, 2218.657470703125, 2213.201171875, 2209.548828125, 2206.125732421875, 2203.4716796875, 2201.652587890625, 2199.344482421875, 2197.404052734375, 2195.17138671875, 2193.033447265625, 2192.388671875, 2191.29638671875, 2189.533203125]}