{"kl_loss": [6.135155200958252, 5.808273792266846, 6.139615535736084, 6.381575107574463, 6.512433052062988, 6.596637725830078, 6.65886926651001, 6.709109783172607, 6.731948375701904, 6.785620212554932, 6.831719875335693, 6.857961654663086, 6.879053115844727, 6.914122581481934, 6.968367099761963], "recon_loss": [1946.4638671875, 1816.03759765625, 1785.0, 1775.1849365234375, 1770.8162841796875, 1768.01953125, 1765.595703125, 1763.341064453125, 1761.995361328125, 1760.590087890625, 1759.449462890625, 1757.9708251953125, 1757.1455078125, 1756.4117431640625, 1755.2481689453125], "total_loss": [1952.5994873046875, 1821.8458251953125, 1791.14013671875, 1781.56689453125, 1777.3284912109375, 1774.6162109375, 1772.2540283203125, 1770.0511474609375, 1768.727783203125, 1767.3756103515625, 1766.280517578125, 1764.8284912109375, 1764.0245361328125, 1763.325927734375, 1762.21728515625]}